{"cameraMode":{"drawMode":0,"name":"Shaded","section":"Shading Mode"},"sceneLighting":false,"audioPlay":false,"sceneViewState":{"showFog":true,"showMaterialUpdate":true,"showSkybox":false,"showFlares":true,"showImageEffects":true,"showParticleSystems":true},"in2DMode":false,"pivot":{"x":72.95301055908203,"y":7.246617794036865,"z":93.48249816894531},"rotation":{"x":-0.04164786636829376,"y":0.9353647828102112,"z":-0.11762592941522598,"w":-0.3311236798763275},"size":118.81542205810547,"orthographic":false}