{"cameraMode":{"drawMode":0,"name":"Shaded","section":"Shading Mode"},"sceneLighting":false,"audioPlay":false,"sceneViewState":{"showFog":true,"showMaterialUpdate":true,"showSkybox":false,"showFlares":true,"showImageEffects":true,"showParticleSystems":true},"in2DMode":false,"pivot":{"x":156.27362060546876,"y":99.64561462402344,"z":272.9537353515625},"rotation":{"x":-0.1530671864748001,"y":0.4517160952091217,"z":-0.07897811383008957,"w":-0.8754145503044128},"size":1.3468554019927979,"orthographic":false}