{"cameraMode":{"drawMode":0,"name":"Shaded","section":"Shading Mode"},"sceneLighting":true,"audioPlay":false,"sceneViewState":{"showFog":true,"showMaterialUpdate":true,"showSkybox":true,"showFlares":true,"showImageEffects":true,"showParticleSystems":true},"in2DMode":false,"pivot":{"x":236.86758422851563,"y":1.0891916751861573,"z":193.894287109375},"rotation":{"x":-0.13268747925758363,"y":-0.6736640930175781,"z":0.12457285821437836,"w":-0.7164380550384522},"size":1.2088102102279664,"orthographic":false}