{"cameraMode":{"drawMode":0,"name":"Shaded","section":"Shading Mode"},"sceneLighting":true,"audioPlay":false,"sceneViewState":{"showFog":true,"showMaterialUpdate":true,"showSkybox":true,"showFlares":true,"showImageEffects":true,"showParticleSystems":true},"in2DMode":false,"pivot":{"x":138.8481903076172,"y":11.266223907470704,"z":181.41265869140626},"rotation":{"x":-0.16601212322711945,"y":0.6591528058052063,"z":-0.15252822637557984,"w":-0.7174249291419983},"size":3.5176520347595217,"orthographic":false}