{"cameraMode":{"drawMode":0,"name":"Shaded","section":"Shading Mode"},"sceneLighting":true,"audioPlay":false,"sceneViewState":{"showFog":true,"showMaterialUpdate":true,"showSkybox":true,"showFlares":true,"showImageEffects":true,"showParticleSystems":true},"in2DMode":false,"pivot":{"x":25.755502700805665,"y":28.216617584228517,"z":-11.486465454101563},"rotation":{"x":0.11150997132062912,"y":-0.8884825706481934,"z":0.3195986747741699,"w":0.3100084960460663},"size":3.921926736831665,"orthographic":false}