{"cameraMode":{"drawMode":0,"name":"Shaded","section":"Shading Mode"},"sceneLighting":true,"audioPlay":false,"sceneViewState":{"showFog":true,"showMaterialUpdate":true,"showSkybox":true,"showFlares":true,"showImageEffects":true,"showParticleSystems":true},"in2DMode":false,"pivot":{"x":116.78702545166016,"y":-30.500349044799806,"z":212.6710662841797},"rotation":{"x":0.09880837798118592,"y":-0.6451766490936279,"z":0.08155463635921478,"w":0.7538374066352844},"size":62.559226989746097,"orthographic":false}