{"cameraMode":{"drawMode":0,"name":"Shaded","section":"Shading Mode"},"sceneLighting":true,"audioPlay":false,"sceneViewState":{"showFog":true,"showMaterialUpdate":true,"showSkybox":false,"showFlares":true,"showImageEffects":true,"showParticleSystems":true},"in2DMode":false,"pivot":{"x":0.36783748865127566,"y":-0.1607504040002823,"z":1.2675833702087403},"rotation":{"x":0.014598846435546875,"y":-0.9767400622367859,"z":0.20886847376823426,"w":0.05045487359166145},"size":1.997795820236206,"orthographic":false}