{"cameraMode":{"drawMode":0,"name":"Shaded","section":"Shading Mode"},"sceneLighting":true,"audioPlay":false,"sceneViewState":{"showFog":true,"showMaterialUpdate":true,"showSkybox":true,"showFlares":true,"showImageEffects":true,"showParticleSystems":true},"in2DMode":false,"pivot":{"x":381.2000427246094,"y":199.78140258789063,"z":-42.817596435546878},"rotation":{"x":-0.01588606648147106,"y":0.04168488830327988,"z":0.0006640953361056745,"w":0.9990174174308777},"size":154.91842651367188,"orthographic":false}