{"cameraMode":{"drawMode":0,"name":"Shaded","section":"Shading Mode"},"sceneLighting":false,"audioPlay":false,"sceneViewState":{"showFog":true,"showMaterialUpdate":true,"showSkybox":false,"showFlares":true,"showImageEffects":true,"showParticleSystems":true},"in2DMode":false,"pivot":{"x":144.53126525878907,"y":12.89533805847168,"z":175.55580139160157},"rotation":{"x":-0.04065452143549919,"y":0.9357134699821472,"z":-0.11481923609972,"w":-0.33124712109565737},"size":11.182775497436524,"orthographic":false}