{"cameraMode":{"drawMode":0,"name":"Shaded","section":"Shading Mode"},"sceneLighting":true,"audioPlay":false,"sceneViewState":{"showFog":true,"showMaterialUpdate":true,"showSkybox":true,"showFlares":true,"showImageEffects":true,"showParticleSystems":true},"in2DMode":false,"pivot":{"x":165.11212158203126,"y":50.96550369262695,"z":150.1005859375},"rotation":{"x":-0.10689736157655716,"y":0.012407442554831505,"z":-0.001463435823097825,"w":-0.9943063855171204},"size":173.10415649414063,"orthographic":false}