{"cameraMode":{"drawMode":0,"name":"Shaded","section":"Shading Mode"},"sceneLighting":true,"audioPlay":false,"sceneViewState":{"showFog":true,"showMaterialUpdate":true,"showSkybox":true,"showFlares":true,"showImageEffects":true,"showParticleSystems":true},"in2DMode":false,"pivot":{"x":-5.180505752563477,"y":10.880165100097657,"z":-5.392328262329102},"rotation":{"x":0.002988959662616253,"y":-0.9969637393951416,"z":0.06199576333165169,"w":0.049820851534605029},"size":11.864629745483399,"orthographic":false}