{"cameraMode":{"drawMode":0,"name":"Shaded","section":"Shading Mode"},"sceneLighting":false,"audioPlay":false,"sceneViewState":{"showFog":true,"showMaterialUpdate":true,"showSkybox":false,"showFlares":true,"showImageEffects":true,"showParticleSystems":true},"in2DMode":false,"pivot":{"x":3.616811752319336,"y":6.867934703826904,"z":-4.440889358520508},"rotation":{"x":-0.07983637601137161,"y":0.7495425939559937,"z":-0.09198567271232605,"w":-0.6507078409194946},"size":7.13040018081665,"orthographic":false}