{"cameraMode":{"drawMode":0,"name":"Shaded","section":"Shading Mode"},"sceneLighting":true,"audioPlay":false,"sceneViewState":{"showFog":true,"showMaterialUpdate":true,"showSkybox":true,"showFlares":true,"showImageEffects":true,"showParticleSystems":true},"in2DMode":false,"pivot":{"x":177.4418487548828,"y":12.989572525024414,"z":202.64328002929688},"rotation":{"x":0.01416164543479681,"y":0.9163010120391846,"z":-0.39978426694869997,"w":0.03969334438443184},"size":13.919017791748047,"orthographic":false}