{"cameraMode":{"drawMode":0,"name":"Shaded","section":"Shading Mode"},"sceneLighting":false,"audioPlay":false,"sceneViewState":{"showFog":true,"showMaterialUpdate":true,"showSkybox":false,"showFlares":true,"showImageEffects":true,"showParticleSystems":true},"in2DMode":false,"pivot":{"x":33.983497619628909,"y":1.5076663494110108,"z":-10.0},"rotation":{"x":-0.44524693489074709,"y":0.06113240495324135,"z":-0.030492808669805528,"w":-0.8928343057632446},"size":2.305030107498169,"orthographic":false}