{"cameraMode":{"drawMode":0,"name":"Shaded","section":"Shading Mode"},"sceneLighting":true,"audioPlay":false,"sceneViewState":{"showFog":true,"showMaterialUpdate":true,"showSkybox":true,"showFlares":true,"showImageEffects":true,"showParticleSystems":true},"in2DMode":false,"pivot":{"x":25.249996185302736,"y":0.7739522457122803,"z":-22.0770263671875},"rotation":{"x":-0.3419150114059448,"y":0.21650901436805726,"z":-0.08127628266811371,"w":-0.9108663201332092},"size":109.6616439819336,"orthographic":false}