{"cameraMode":{"drawMode":0,"name":"Shaded","section":"Shading Mode"},"sceneLighting":true,"audioPlay":false,"sceneViewState":{"showFog":true,"showMaterialUpdate":true,"showSkybox":true,"showFlares":true,"showImageEffects":true,"showParticleSystems":true},"in2DMode":false,"pivot":{"x":232.7581024169922,"y":94.91813659667969,"z":0.0},"rotation":{"x":-0.025522427633404733,"y":0.716107189655304,"z":-0.02622164785861969,"w":-0.6970757246017456},"size":30.791322708129884,"orthographic":false}