{"cameraMode":{"drawMode":0,"name":"Shaded","section":"Shading Mode"},"sceneLighting":false,"audioPlay":false,"sceneViewState":{"showFog":true,"showMaterialUpdate":true,"showSkybox":false,"showFlares":true,"showImageEffects":true,"showParticleSystems":true},"in2DMode":false,"pivot":{"x":0.004260063171386719,"y":0.16462451219558717,"z":0.2641102969646454},"rotation":{"x":-0.07983637601137161,"y":0.7495425939559937,"z":-0.09198567271232605,"w":-0.6507078409194946},"size":3.011276960372925,"orthographic":false}