{"cameraMode":{"drawMode":0,"name":"Shaded","section":"Shading Mode"},"sceneLighting":true,"audioPlay":false,"sceneViewState":{"showFog":true,"showMaterialUpdate":true,"showSkybox":true,"showFlares":true,"showImageEffects":true,"showParticleSystems":true},"in2DMode":false,"pivot":{"x":-49.58343505859375,"y":-1.301998496055603,"z":-45.80547332763672},"rotation":{"x":-0.5773342847824097,"y":0.11844674497842789,"z":-0.08511161804199219,"w":-0.8034163117408752},"size":2.6299448013305666,"orthographic":false}