{"cameraMode":{"drawMode":0,"name":"Shaded","section":"Shading Mode"},"sceneLighting":true,"audioPlay":false,"sceneViewState":{"showFog":true,"showMaterialUpdate":true,"showSkybox":true,"showFlares":true,"showImageEffects":true,"showParticleSystems":true},"in2DMode":false,"pivot":{"x":205.6979522705078,"y":49.21331024169922,"z":18.574832916259767},"rotation":{"x":-0.10308312624692917,"y":-0.8930349946022034,"z":0.26128441095352175,"w":-0.3517301380634308},"size":3.4355921745300295,"orthographic":false}