{"cameraMode":{"drawMode":0,"name":"Shaded","section":"Shading Mode"},"sceneLighting":false,"audioPlay":false,"sceneViewState":{"showFog":true,"showMaterialUpdate":true,"showSkybox":false,"showFlares":true,"showImageEffects":true,"showParticleSystems":true},"in2DMode":false,"pivot":{"x":3.0299367904663088,"y":0.8065842390060425,"z":-5.055731773376465},"rotation":{"x":-0.016401000320911409,"y":0.9220225811004639,"z":-0.039302606135606769,"w":-0.38486960530281069},"size":6.886067867279053,"orthographic":false}