{"cameraMode":{"drawMode":0,"name":"Shaded","section":"Shading Mode"},"sceneLighting":true,"audioPlay":false,"sceneViewState":{"showFog":true,"showMaterialUpdate":true,"showSkybox":true,"showFlares":true,"showImageEffects":true,"showParticleSystems":true},"in2DMode":false,"pivot":{"x":236.28013610839845,"y":1.6262834072113038,"z":195.02279663085938},"rotation":{"x":0.1985747367143631,"y":-0.2573414444923401,"z":0.05412491410970688,"w":0.9441494345664978},"size":1.1953094005584717,"orthographic":false}