{"cameraMode":{"drawMode":0,"name":"Shaded","section":"Shading Mode"},"sceneLighting":true,"audioPlay":false,"sceneViewState":{"showFog":true,"showMaterialUpdate":true,"showSkybox":true,"showFlares":true,"showImageEffects":true,"showParticleSystems":true},"in2DMode":false,"pivot":{"x":4.109999656677246,"y":-0.8560785055160523,"z":8.244999885559082},"rotation":{"x":-0.0997987762093544,"y":0.8877854347229004,"z":-0.22914810478687287,"w":-0.3866387903690338},"size":9.300501823425293,"orthographic":false}