{"cameraMode":{"drawMode":0,"name":"Shaded","section":"Shading Mode"},"sceneLighting":false,"audioPlay":false,"sceneViewState":{"showFog":true,"showMaterialUpdate":true,"showSkybox":false,"showFlares":true,"showImageEffects":true,"showParticleSystems":true},"in2DMode":false,"pivot":{"x":0.0,"y":-0.9900508522987366,"z":-0.7501649260520935},"rotation":{"x":-0.45094528794288638,"y":0.10429377853870392,"z":-0.048822879791259769,"w":-0.8853232860565186},"size":1.2210067510604859,"orthographic":false}