{"cameraMode":{"drawMode":0,"name":"Shaded","section":"Shading Mode"},"sceneLighting":false,"audioPlay":false,"sceneViewState":{"showFog":true,"showMaterialUpdate":true,"showSkybox":false,"showFlares":true,"showImageEffects":true,"showParticleSystems":true},"in2DMode":false,"pivot":{"x":3.9329991340637209,"y":5.163000106811523,"z":1.5006191730499268},"rotation":{"x":-0.07983637601137161,"y":0.7495425939559937,"z":-0.09198567271232605,"w":-0.6507078409194946},"size":0.19485591351985932,"orthographic":false}