{"cameraMode":{"drawMode":0,"name":"Shaded","section":"Shading Mode"},"sceneLighting":false,"audioPlay":false,"sceneViewState":{"showFog":true,"showMaterialUpdate":true,"showSkybox":false,"showFlares":true,"showImageEffects":true,"showParticleSystems":true},"in2DMode":false,"pivot":{"x":10.87723159790039,"y":5.829376220703125,"z":2.2652406692504885},"rotation":{"x":-0.07157660275697708,"y":0.8588401675224304,"z":-0.1250704526901245,"w":-0.49165740609169009},"size":11.075173377990723,"orthographic":false}