{"cameraMode":{"drawMode":0,"name":"Shaded","section":"Shading Mode"},"sceneLighting":true,"audioPlay":false,"sceneViewState":{"showFog":true,"showMaterialUpdate":true,"showSkybox":true,"showFlares":true,"showImageEffects":true,"showParticleSystems":true},"in2DMode":false,"pivot":{"x":345.319091796875,"y":89.69915771484375,"z":95.21300506591797},"rotation":{"x":-0.006594871636480093,"y":0.0449836291372776,"z":0.0003015706897713244,"w":0.9989714026451111},"size":99.73310852050781,"orthographic":false}