{"cameraMode":{"drawMode":0,"name":"Shaded","section":"Shading Mode"},"sceneLighting":false,"audioPlay":false,"sceneViewState":{"showFog":true,"showMaterialUpdate":true,"showSkybox":false,"showFlares":true,"showImageEffects":true,"showParticleSystems":true},"in2DMode":false,"pivot":{"x":-1.1520003080368043,"y":1.5679998397827149,"z":0.28000134229660036},"rotation":{"x":-0.4784471094608307,"y":0.08741817623376847,"z":-0.0479462556540966,"w":-0.872474193572998},"size":0.6116161942481995,"orthographic":false}