{"cameraMode":{"drawMode":0,"name":"Shaded","section":"Shading Mode"},"sceneLighting":true,"audioPlay":false,"sceneViewState":{"showFog":true,"showMaterialUpdate":true,"showSkybox":true,"showFlares":true,"showImageEffects":true,"showParticleSystems":true},"in2DMode":false,"pivot":{"x":156.3885498046875,"y":101.13946533203125,"z":273.5220031738281},"rotation":{"x":0.10185889154672623,"y":0.8811987042427063,"z":-0.22089408338069917,"w":0.4055171310901642},"size":5.489631175994873,"orthographic":false}