{"cameraMode":{"drawMode":0,"name":"Shaded","section":"Shading Mode"},"sceneLighting":false,"audioPlay":false,"sceneViewState":{"showFog":true,"showMaterialUpdate":true,"showSkybox":false,"showFlares":true,"showImageEffects":true,"showParticleSystems":true},"in2DMode":false,"pivot":{"x":0.0,"y":1.8972851037979127,"z":-0.008342951536178589},"rotation":{"x":0.09880837798118592,"y":-0.6451766490936279,"z":0.08155463635921478,"w":0.7538374066352844},"size":3.247756004333496,"orthographic":false}