{"cameraMode":{"drawMode":0,"name":"Shaded","section":"Shading Mode"},"sceneLighting":false,"audioPlay":false,"sceneViewState":{"showFog":true,"showMaterialUpdate":true,"showSkybox":false,"showFlares":true,"showImageEffects":true,"showParticleSystems":true},"in2DMode":false,"pivot":{"x":0.0036632418632507326,"y":-1.0848757028579713,"z":0.5524775981903076},"rotation":{"x":0.0016559737268835307,"y":0.9984656572341919,"z":0.03595798462629318,"w":-0.04411204159259796},"size":1.5615917444229127,"orthographic":false}