{"cameraMode":{"drawMode":0,"name":"Shaded","section":"Shading Mode"},"sceneLighting":true,"audioPlay":false,"sceneViewState":{"showFog":true,"showMaterialUpdate":true,"showSkybox":true,"showFlares":true,"showImageEffects":true,"showParticleSystems":true},"in2DMode":false,"pivot":{"x":176.90574645996095,"y":16.197662353515626,"z":210.95318603515626},"rotation":{"x":0.21993479132652284,"y":0.7735010385513306,"z":-0.37588605284690859,"w":0.4604927599430084},"size":11.882246971130371,"orthographic":false}