{"cameraMode":{"drawMode":0,"name":"Shaded","section":"Shading Mode"},"sceneLighting":true,"audioPlay":false,"sceneViewState":{"showFog":true,"showMaterialUpdate":true,"showSkybox":true,"showFlares":true,"showImageEffects":true,"showParticleSystems":true},"in2DMode":false,"pivot":{"x":84.25483703613281,"y":-136.97164916992188,"z":273.9312438964844},"rotation":{"x":0.47948241233825686,"y":0.01679910160601139,"z":-0.008932630531489849,"w":0.8774704337120056},"size":83.12850189208985,"orthographic":false}