{"cameraMode":{"drawMode":0,"name":"Shaded","section":"Shading Mode"},"sceneLighting":true,"audioPlay":false,"sceneViewState":{"showFog":true,"showMaterialUpdate":false,"showSkybox":true,"showFlares":true,"showImageEffects":true,"showParticleSystems":true},"in2DMode":false,"pivot":{"x":45.350318908691409,"y":3.053496837615967,"z":96.49139404296875},"rotation":{"x":-0.02324509806931019,"y":0.3849152624607086,"z":-0.0073995040729641918,"w":-0.923115611076355},"size":9.02610969543457,"orthographic":false}