{"cameraMode":{"drawMode":0,"name":"Shaded","section":"Shading Mode"},"sceneLighting":false,"audioPlay":false,"sceneViewState":{"showFog":true,"showMaterialUpdate":true,"showSkybox":false,"showFlares":true,"showImageEffects":true,"showParticleSystems":true},"in2DMode":false,"pivot":{"x":-2.2459259033203127,"y":4.200000286102295,"z":2.45967435836792},"rotation":{"x":-0.3419150114059448,"y":0.21650901436805726,"z":-0.08127628266811371,"w":-0.9108663201332092},"size":2.2768654823303224,"orthographic":false}