{"cameraMode":{"drawMode":0,"name":"Shaded","section":"Shading Mode"},"sceneLighting":false,"audioPlay":false,"sceneViewState":{"showFog":true,"showMaterialUpdate":true,"showSkybox":false,"showFlares":true,"showImageEffects":true,"showParticleSystems":true},"in2DMode":false,"pivot":{"x":1.4100000858306885,"y":-0.20199836790561677,"z":0.04799997806549072},"rotation":{"x":0.17305076122283936,"y":-0.7871792912483215,"z":0.2459396868944168,"w":0.5388149619102478},"size":1.9609503746032715,"orthographic":false}