{"cameraMode":{"drawMode":0,"name":"Shaded","section":"Shading Mode"},"sceneLighting":false,"audioPlay":false,"sceneViewState":{"showFog":true,"showMaterialUpdate":true,"showSkybox":false,"showFlares":true,"showImageEffects":true,"showParticleSystems":true},"in2DMode":false,"pivot":{"x":-5.6702423095703129,"y":5.056777000427246,"z":10.262545585632325},"rotation":{"x":-0.1530671864748001,"y":0.4517160952091217,"z":-0.07897811383008957,"w":-0.8754145503044128},"size":9.235207557678223,"orthographic":false}