{"cameraMode":{"drawMode":0,"name":"Shaded","section":"Shading Mode"},"sceneLighting":true,"audioPlay":false,"sceneViewState":{"showFog":true,"showMaterialUpdate":true,"showSkybox":false,"showFlares":true,"showImageEffects":true,"showParticleSystems":true},"in2DMode":false,"pivot":{"x":0.36783748865127566,"y":-0.1607504040002823,"z":1.2675833702087403},"rotation":{"x":0.17305076122283936,"y":-0.7871792912483215,"z":0.2459396868944168,"w":0.5388149619102478},"size":0.1977962851524353,"orthographic":false}