{"cameraMode":{"drawMode":0,"name":"Shaded","section":"Shading Mode"},"sceneLighting":true,"audioPlay":false,"sceneViewState":{"showFog":true,"showMaterialUpdate":true,"showSkybox":true,"showFlares":true,"showImageEffects":true,"showParticleSystems":true},"in2DMode":false,"pivot":{"x":220.58897399902345,"y":147.02687072753907,"z":-7.2992401123046879},"rotation":{"x":-0.057566482573747638,"y":0.011980251409113408,"z":0.0006946227513253689,"w":0.9982759356498718},"size":53.95949172973633,"orthographic":false}