{"cameraMode":{"drawMode":0,"name":"Shaded","section":"Shading Mode"},"sceneLighting":true,"audioPlay":false,"sceneViewState":{"showFog":true,"showMaterialUpdate":true,"showSkybox":true,"showFlares":true,"showImageEffects":true,"showParticleSystems":true},"in2DMode":false,"pivot":{"x":177.2218475341797,"y":33.7040901184082,"z":18.921045303344728},"rotation":{"x":-0.6738567352294922,"y":-0.05133820325136185,"z":0.04697168618440628,"w":-0.7356274127960205},"size":5.139280319213867,"orthographic":false}