{"cameraMode":{"drawMode":0,"name":"Shaded","section":"Shading Mode"},"sceneLighting":true,"audioPlay":false,"sceneViewState":{"showFog":true,"showMaterialUpdate":true,"showSkybox":true,"showFlares":true,"showImageEffects":true,"showParticleSystems":true},"in2DMode":false,"pivot":{"x":119.7044677734375,"y":-6.376181602478027,"z":130.75135803222657},"rotation":{"x":0.10226727277040482,"y":0.09486356377601624,"z":-0.009724886156618595,"w":0.9902756810188294},"size":5.381286144256592,"orthographic":false}