{"cameraMode":{"drawMode":0,"name":"Shaded","section":"Shading Mode"},"sceneLighting":true,"audioPlay":false,"sceneViewState":{"showFog":true,"showMaterialUpdate":true,"showSkybox":true,"showFlares":true,"showImageEffects":true,"showParticleSystems":true},"in2DMode":false,"pivot":{"x":125.7465591430664,"y":-33.12000274658203,"z":170.58795166015626},"rotation":{"x":-0.05428941547870636,"y":0.9474073052406311,"z":-0.24841062724590302,"w":-0.1945679485797882},"size":3.861706495285034,"orthographic":false}