{"cameraMode":{"drawMode":0,"name":"Shaded","section":"Shading Mode"},"sceneLighting":false,"audioPlay":false,"sceneViewState":{"showFog":true,"showMaterialUpdate":true,"showSkybox":false,"showFlares":true,"showImageEffects":true,"showParticleSystems":true},"in2DMode":false,"pivot":{"x":4.855240821838379,"y":0.8693761825561523,"z":-19.952655792236329},"rotation":{"x":0.042552053928375247,"y":-0.9572243690490723,"z":0.19144736230373383,"w":0.21275921165943147},"size":11.182775497436524,"orthographic":false}