{"cameraMode":{"drawMode":0,"name":"Shaded","section":"Shading Mode"},"sceneLighting":false,"audioPlay":false,"sceneViewState":{"showFog":true,"showMaterialUpdate":true,"showSkybox":false,"showFlares":true,"showImageEffects":true,"showParticleSystems":true},"in2DMode":false,"pivot":{"x":-0.0004424136132001877,"y":0.8365424275398254,"z":-0.00007374518463620916},"rotation":{"x":-0.10511733591556549,"y":0.8457261323928833,"z":-0.1738680601119995,"w":-0.493511825799942},"size":1.1927247047424317,"orthographic":false}