{"cameraMode":{"drawMode":0,"name":"Shaded","section":"Shading Mode"},"sceneLighting":true,"audioPlay":false,"sceneViewState":{"showFog":true,"showMaterialUpdate":true,"showSkybox":true,"showFlares":true,"showImageEffects":true,"showParticleSystems":true},"in2DMode":false,"pivot":{"x":0.5699059367179871,"y":4.27964973449707,"z":-1.9804767370224},"rotation":{"x":-0.05095693841576576,"y":-0.7973272204399109,"z":-0.06779219210147858,"w":0.5977494120597839},"size":4.84785795211792,"orthographic":false}