{"cameraMode":{"drawMode":0,"name":"Shaded","section":"Shading Mode"},"sceneLighting":false,"audioPlay":false,"sceneViewState":{"showFog":true,"showMaterialUpdate":true,"showSkybox":false,"showFlares":true,"showImageEffects":true,"showParticleSystems":true},"in2DMode":false,"pivot":{"x":-1.1920928955078126e-7,"y":1.2817734479904175,"z":-0.05630230903625488},"rotation":{"x":0.47948241233825686,"y":0.01679910160601139,"z":-0.008932630531489849,"w":0.8774704337120056},"size":1.6399953365325928,"orthographic":false}