{"cameraMode":{"drawMode":0,"name":"Shaded","section":"Shading Mode"},"sceneLighting":false,"audioPlay":false,"sceneViewState":{"showFog":true,"showMaterialUpdate":true,"showSkybox":false,"showFlares":true,"showImageEffects":true,"showParticleSystems":true},"in2DMode":false,"pivot":{"x":128.01773071289063,"y":-30.918685913085939,"z":175.0055694580078},"rotation":{"x":-0.10511733591556549,"y":0.8457261323928833,"z":-0.1738680601119995,"w":-0.493511825799942},"size":1.898876428604126,"orthographic":false}