{"cameraMode":{"drawMode":0,"name":"Shaded","section":"Shading Mode"},"sceneLighting":true,"audioPlay":false,"sceneViewState":{"showFog":true,"showMaterialUpdate":false,"showSkybox":true,"showFlares":true,"showImageEffects":true,"showParticleSystems":true},"in2DMode":false,"pivot":{"x":-49.8875846862793,"y":-8.875761032104493,"z":15.71377944946289},"rotation":{"x":0.15494145452976228,"y":0.8442649245262146,"z":-0.3432663381099701,"w":0.38151973485946658},"size":16.91681671142578,"orthographic":false}