{"cameraMode":{"drawMode":0,"name":"Shaded","section":"Shading Mode"},"sceneLighting":true,"audioPlay":false,"sceneViewState":{"showFog":true,"showMaterialUpdate":false,"showSkybox":true,"showFlares":true,"showImageEffects":true,"showParticleSystems":true},"in2DMode":false,"pivot":{"x":115.96026611328125,"y":-11.26654052734375,"z":94.89918518066406},"rotation":{"x":-0.026010004803538324,"y":-0.8222954273223877,"z":0.5677598714828491,"w":-0.041169989854097369},"size":141.74021911621095,"orthographic":false}