{"cameraMode":{"drawMode":0,"name":"Shaded","section":"Shading Mode"},"sceneLighting":false,"audioPlay":false,"sceneViewState":{"showFog":true,"showMaterialUpdate":true,"showSkybox":false,"showFlares":true,"showImageEffects":true,"showParticleSystems":true},"in2DMode":false,"pivot":{"x":-5.808844089508057,"y":4.640000343322754,"z":8.675048828125},"rotation":{"x":-0.1530671864748001,"y":0.4517160952091217,"z":-0.07897811383008957,"w":-0.8754145503044128},"size":4.164458751678467,"orthographic":false}