{"cameraMode":{"drawMode":0,"name":"Shaded","section":"Shading Mode"},"sceneLighting":true,"audioPlay":false,"sceneViewState":{"showFog":true,"showMaterialUpdate":true,"showSkybox":true,"showFlares":true,"showImageEffects":true,"showParticleSystems":true},"in2DMode":false,"pivot":{"x":77.69992065429688,"y":-36.43605422973633,"z":163.0288848876953},"rotation":{"x":-0.20290230214595796,"y":0.7408973574638367,"z":-0.24869830906391145,"w":-0.5903132557868958},"size":34.23477554321289,"orthographic":false}