{"cameraMode":{"drawMode":0,"name":"Shaded","section":"Shading Mode"},"sceneLighting":false,"audioPlay":false,"sceneViewState":{"showFog":true,"showMaterialUpdate":true,"showSkybox":false,"showFlares":true,"showImageEffects":true,"showParticleSystems":true},"in2DMode":false,"pivot":{"x":11.955240249633789,"y":1.4693764448165894,"z":-10.137231826782227},"rotation":{"x":-0.04065452143549919,"y":0.9357134699821472,"z":-0.11481923609972,"w":-0.33124712109565737},"size":5.473691463470459,"orthographic":false}