{"cameraMode":{"drawMode":0,"name":"Shaded","section":"Shading Mode"},"sceneLighting":true,"audioPlay":false,"sceneViewState":{"showFog":true,"showMaterialUpdate":true,"showSkybox":true,"showFlares":true,"showImageEffects":true,"showParticleSystems":true},"in2DMode":false,"pivot":{"x":438.9804382324219,"y":182.04327392578126,"z":-28.30377197265625},"rotation":{"x":0.093425452709198,"y":-0.02866852842271328,"z":0.002692915964871645,"w":0.995223343372345},"size":134.1078643798828,"orthographic":false}