{"cameraMode":{"drawMode":0,"name":"Shaded","section":"Shading Mode"},"sceneLighting":true,"audioPlay":false,"sceneViewState":{"showFog":true,"showMaterialUpdate":true,"showSkybox":true,"showFlares":true,"showImageEffects":true,"showParticleSystems":true},"in2DMode":false,"pivot":{"x":0.9599995613098145,"y":0.38000035285949709,"z":4.860000133514404},"rotation":{"x":-0.03592241555452347,"y":0.9554839730262756,"z":-0.1211087703704834,"w":-0.2683444321155548},"size":15.346907615661621,"orthographic":false}