{"cameraMode":{"drawMode":0,"name":"Shaded","section":"Shading Mode"},"sceneLighting":true,"audioPlay":false,"sceneViewState":{"showFog":true,"showMaterialUpdate":true,"showSkybox":true,"showFlares":true,"showImageEffects":true,"showParticleSystems":true},"in2DMode":false,"pivot":{"x":-322.8221740722656,"y":-857.4425659179688,"z":1671.920166015625},"rotation":{"x":-0.5370008945465088,"y":0.042415324598550799,"z":-0.02699461206793785,"w":-0.8422351479530335},"size":589.714111328125,"orthographic":false}