{"cameraMode":{"drawMode":0,"name":"Shaded","section":"Shading Mode"},"sceneLighting":true,"audioPlay":false,"sceneViewState":{"showFog":true,"showMaterialUpdate":true,"showSkybox":true,"showFlares":true,"showImageEffects":true,"showParticleSystems":true},"in2DMode":false,"pivot":{"x":405.0408630371094,"y":203.6529998779297,"z":-184.31448364257813},"rotation":{"x":0.20052221417427064,"y":-0.008816685527563095,"z":0.0018090222729369999,"w":0.9796531796455383},"size":0.44414907693862917,"orthographic":false}